account.add_emailconfirmation
account.change_emailaddress
account.change_emailconfirmation
account.delete_emailaddress
account.delete_emailconfirmation
admin.add_logentry
admin.change_logentry
admin.delete_logentry
api.add_apikey
api.change_apikey
api.delete_apikey
auth.add_group
auth.add_permission
auth.change_group
auth.change_permission
auth.delete_group
auth.delete_permission
boxes.add_boxcountry
boxes.add_boxdailysquare
boxes.add_boxdonjuan
boxes.add_boxoffice
boxes.add_boxpartner
boxes.change_boxcountry
boxes.change_boxdailysquare
boxes.change_boxdonjuan
boxes.change_boxoffice
boxes.change_boxpartner
boxes.delete_boxcountry
boxes.delete_boxdailysquare
boxes.delete_boxdonjuan
boxes.delete_boxoffice
boxes.delete_boxpartner
chains.add_chain
chains.add_chainplace
chains.add_userplace
chains.add_userplacepay
chains.change_chain
chains.change_chainplace
chains.change_userplace
chains.change_userplacepay
chains.delete_chain
chains.delete_chainplace
chains.delete_userplace
chains.delete_userplacepay
concepts.add_concept
concepts.add_stop
concepts.change_concept
concepts.change_stop
concepts.delete_concept
concepts.delete_stop
contenttypes.add_contenttype
contenttypes.change_contenttype
contenttypes.delete_contenttype
dashboard.add_userdashboardmodule
dashboard.change_userdashboardmodule
dashboard.delete_userdashboardmodule
general_config.add_country
general_config.add_currency
general_config.add_exchange
general_config.change_country
general_config.change_currency
general_config.change_exchange
general_config.delete_country
general_config.delete_currency
general_config.delete_exchange
inventory.add_brand
inventory.add_category
inventory.change_brand
inventory.change_category
inventory.delete_brand
inventory.delete_category
investments.add_investment
investments.add_investmentpay
investments.change_investment
investments.change_investmentpay
investments.delete_investment
investments.delete_investmentpay
jet.add_bookmark
jet.add_pinnedapplication
jet.change_bookmark
jet.change_pinnedapplication
jet.delete_bookmark
jet.delete_pinnedapplication
jet_django.add_token
jet_django.change_token
jet_django.delete_token
loans.add_loan
loans.add_loanpayment
loans.change_loan
loans.change_loanpayment
loans.delete_loan
loans.delete_loanpayment
movement.add_movementcountry
movement.add_movementdailysquare
movement.add_movementdonjuan
movement.add_movementoffice
movement.add_movementpartner
movement.add_movementrequest
movement.change_movementcountry
movement.change_movementdailysquare
movement.change_movementdonjuan
movement.change_movementoffice
movement.change_movementpartner
movement.change_movementrequest
movement.delete_movementcountry
movement.delete_movementdailysquare
movement.delete_movementdonjuan
movement.delete_movementoffice
movement.delete_movementpartner
movement.delete_movementrequest
office.add_office
office.add_officecommitments
office.add_officeitems
office.add_supervisorcalendar
office.change_office
office.change_officecommitments
office.change_officeitems
office.change_supervisorcalendar
office.delete_office
office.delete_officecommitments
office.delete_officeitems
office.delete_supervisorcalendar
sessions.add_session
sessions.change_session
sessions.delete_session
sites.add_site
sites.change_site
sites.delete_site
socialaccount.add_socialaccount
socialaccount.add_socialapp
socialaccount.add_socialtoken
socialaccount.change_socialaccount
socialaccount.change_socialapp
socialaccount.change_socialtoken
socialaccount.delete_socialaccount
socialaccount.delete_socialapp
socialaccount.delete_socialtoken
units.add_unit
units.add_unititems
units.change_unit
units.change_unititems
units.delete_unit
units.delete_unititems
users.add_authlogs
users.add_charge
users.add_employee
users.add_partner
users.add_user
users.change_authlogs
users.change_charge
users.change_employee
users.change_partner
users.change_user
users.delete_authlogs
users.delete_charge
users.delete_employee
users.delete_partner
users.delete_user
